{
  "overall_reward": 0.5555555555555556,
  "label_counts": {
    "very_low": 1,
    "low": 0,
    "medium": 2,
    "high": 0
  },
  "metrics_mean": {
    "composite_score": 0.5555555555555556,
    "C1_title_present": 1.0,
    "C2_quatrain_shape": 0.3333333333333333,
    "C3_ballad_meter_echo": 0.0,
    "C4_ballad_rhyme": 0.3333333333333333,
    "C5_ring_composition": 0.0,
    "C6_warning_admonition": 0.6666666666666666,
    "C7_preparation_armament": 0.6666666666666666,
    "C8_encounter_confrontation": 0.6666666666666666,
    "C9_slaying_decisive_action": 0.3333333333333333,
    "C10_return_celebration": 0.6666666666666666,
    "C11_coinage_count": 0.3333333333333333,
    "C12_coinage_spread": 0.3333333333333333,
    "C13_creature_naming": 1.0,
    "C14_onomatopoeia": 0.0,
    "C15_alliteration_consonance": 0.6666666666666666,
    "C16_arc_order": 0.6666666666666666,
    "C17_no_verbatim_lines": 1.0,
    "C18_canonical_budget": 1.0,
    "C19_syllable_tightness": 0.0,
    "C20_rhyme_variety": 0.6666666666666666,
    "C21_lexical_repetition_guard": 1.0,
    "C22_coinage_variety": 0.6666666666666666,
    "C23_topic_adherence": 0.6666666666666666,
    "C24_subtext": 0.6666666666666666,
    "label_high": 0.0,
    "label_medium": 0.6666666666666666,
    "label_low": 0.0,
    "label_very_low": 0.3333333333333333
  },
  "spec": "hermes-4-405b",
  "provider": "openrouter",
  "model": "nousresearch/hermes-4-405b",
  "num_samples": 3
}